use Online_Store_Management_system;
INSERT INTO Customer (first_name, last_name, email, phone_number, address) VALUES
('Ali', 'Ahmed', 'ali.ahmed@example.com', '03012345678', '123 Street, Lahore, Pakistan'),
('Sara', 'Khan', 'sara.khan@example.com', '03023456789', '456 Street, Islamabad, Pakistan'),
('Ahmed', 'Iqbal', 'ahmed.iqbal@example.com', '03034567890', '789 Street, Karachi, Pakistan'),
('Ayesha', 'Jamil', 'ayesha.jamil@example.com', '03045678901', '101 Street, Rawalpindi, Pakistan'),
('Imran', 'Raza', 'imran.raza@example.com', '03056789012', '202 Street, Peshawar, Pakistan'),
('Fatima', 'Ali', 'fatima.ali@example.com', '03067890123', '303 Street, Quetta, Pakistan'),
('Hassan', 'Shah', 'hassan.shah@example.com', '03078901234', '404 Street, Multan, Pakistan'),
('Zainab', 'Bashir', 'zainab.bashir@example.com', '03089012345', '505 Street, Faisalabad, Pakistan'),
('Bilal', 'Farooq', 'bilal.farooq@example.com', '03090123456', '606 Street, Sialkot, Pakistan'),
('Mariyam', 'Hassan', 'mariyam.hassan@example.com', '03012345987', '707 Street, Gujranwala, Pakistan'),
('Umar', 'Khan', 'umar.khan@example.com', '03023456012', '808 Street, Sargodha, Pakistan'),
('Nida', 'Rehman', 'nida.rehman@example.com', '03034567123', '909 Street, Bahawalpur, Pakistan'),
('Sohail', 'Shahzad', 'sohail.shahzad@example.com', '03045678234', '1011 Street, Mirpur, Pakistan'),
('Muneeb', 'Ahmed', 'muneeb.ahmed@example.com', '03056789345', '1112 Street, Haripur, Pakistan'),
('Rashid', 'Iqbal', 'rashid.iqbal@example.com', '03067890456', '1213 Street, Chiniot, Pakistan'),
('Noor', 'Hassan', 'noor.hassan@example.com', '03078901567', '1314 Street, Attock, Pakistan'),
('Usman', 'Shafiq', 'usman.shafiq@example.com', '03089012678', '1415 Street, Mardan, Pakistan'),
('Areeba', 'Nawaz', 'areeba.nawaz@example.com', '03090123789', '1516 Street, Dera Ghazi Khan, Pakistan'),
('Omar', 'Rafiq', 'omar.rafiq@example.com', '03012347012', '1617 Street, Sukkur, Pakistan'),
('Khansa', 'Jabeen', 'khansa.jabeen@example.com', '03023458123', '1718 Street, Larkana, Pakistan'),
('Raza', 'Sharif', 'raza.sharif@example.com', '03034569234', '1819 Street, Rawalpindi, Pakistan'),
('Madiha', 'Tariq', 'madiha.tariq@example.com', '03045670345', '1920 Street, Gujranwala, Pakistan'),
('Shahzaib', 'Amin', 'shahzaib.amin@example.com', '03056781456', '2021 Street, Faisalabad, Pakistan'),
('Hina', 'Abbas', 'hina.abbas@example.com', '03067892567', '2122 Street, Sargodha, Pakistan'),
('Faisal', 'Nadeem', 'faisal.nadeem@example.com', '03078903678', '2223 Street, Peshawar, Pakistan'),
('Kiran', 'Bashir', 'kiran.bashir@example.com', '03089014789', '2324 Street, Karachi, Pakistan'),
('Tariq', 'Khan', 'tariq.khan@example.com', '03090125890', '2425 Street, Lahore, Pakistan'),
('Sana', 'Zaman', 'sana.zaman@example.com', '03012347123', '2526 Street, Quetta, Pakistan'),
('Shan', 'Farhan', 'shan.farhan@example.com', '03023458234', '2627 Street, Multan, Pakistan'),
('Alina', 'Rashid', 'alina.rashid@example.com', '03034569345', '2728 Street, Faisalabad, Pakistan'),
('Junaid', 'Ahmed', 'junaid.ahmed@example.com', '03045670456', '2829 Street, Rawalpindi, Pakistan'),
('Nashit', 'Nashit', 'nashit.nashit@example.com', '03056781567', '2930 Street, Karachi, Pakistan'),
('Zehra', 'Mehmood', 'zehra.mehmood@example.com', '03067892678', '3031 Street, Lahore, Pakistan'),
('Tanveer', 'Jameel', 'tanveer.jameel@example.com', '03078903789', '3132 Street, Islamabad, Pakistan'),
('Hassan', 'Ameen', 'hassan.ameen@example.com', '03089013890', '3233 Street, Peshawar, Pakistan'),
('Rida', 'Yousaf', 'rida.yousaf@example.com', '03090124901', '3334 Street, Sialkot, Pakistan'),
('Amaan', 'Ali', 'amaan.ali@example.com', '03012348234', '3435 Street, Lahore, Pakistan'),
('Shamim', 'Saeed', 'shamim.saeed@example.com', '03023449345', '3536 Street, Islamabad, Pakistan'),
('Osman', 'Gul', 'osman.gul@example.com', '03034560456', '3637 Street, Karachi, Pakistan'),
('Areeb', 'Hashim', 'areeb.hashim@example.com', '03045671567', '3738 Street, Rawalpindi, Pakistan'),
('Saima', 'Raza', 'saima.raza@example.com', '03056782678', '3839 Street, Gujranwala, Pakistan'),
('Imtiaz', 'Ali', 'imtiaz.ali@example.com', '03067893789', '3940 Street, Multan, Pakistan'),
('Sadia', 'Shah', 'sadia.shah@example.com', '03078904890', '4041 Street, Peshawar, Pakistan'),
('Hassan', 'Yousaf', 'hassan.yousaf@example.com', '03089015901', '4142 Street, Faisalabad, Pakistan'),
('Yasir', 'Iqbal', 'yasir.iqbal@example.com', '03090127012', '4243 Street, Karachi, Pakistan'),
('Rabia', 'Tariq', 'rabia.tariq@example.com', '03012349345', '4344 Street, Lahore, Pakistan'),
('Fawad', 'Shahzad', 'fawad.shahzad@example.com', '03023450456', '4445 Street, Sialkot, Pakistan'),
('Nashit', 'Zaidi', 'nashit.zaidi@example.com', '03034561567', '4546 Street, Rawalpindi, Pakistan'),
('Samina', 'Khan', 'samina.khan@example.com', '03045672678', '4647 Street, Islamabad, Pakistan'),
('Mehmood', 'Ali', 'mehmood.ali@example.com', '03056783789', '4748 Street, Quetta, Pakistan'),
('Amna', 'Bashir', 'amna.bashir@example.com', '03067894890', '4849 Street, Multan, Pakistan'),
('Zeeshan', 'Farooq', 'zeeshan.farooq@example.com', '03078905901', '4950 Street, Karachi, Pakistan');
INSERT INTO Category (name) VALUES
('Electronics'),
('Clothing'),
('Home Appliances'),
('Sports'),
('Books'),
('Toys'),
('Beauty & Health'),
('Furniture');
INSERT INTO Supplier (name, contact_info) VALUES
('TechSupplies Ltd.', '03011223344'),
('FashionWorld', '03022334455'),
('HomePlus', '03033445566'),
('SportsGear', '03044556677'),
('BookStore', '03055667788'),
('ToyWorld', '03066778899'),
('BeautyCare', '03077889900'),
('FurniTech', '03088990011');
INSERT INTO Product (name, description, price, stock_quantity, category_id, supplier_id) VALUES
('Smartphone', 'Latest model smartphone with advanced features', 50000.00, 100, 1, 1),
('T-Shirt', 'Cotton T-shirt, available in various sizes', 1500.00, 200, 2, 2),
('Washing Machine', 'Automatic washing machine with multiple settings', 25000.00, 50, 3, 3),
('Football', 'High-quality leather football', 1500.00, 150, 4, 4),
('Novel', 'Bestselling fiction novel', 800.00, 300, 5, 5),
('Action Figure', 'Collectible action figure', 1200.00, 200, 6, 6),
('Shampoo', 'Herbal shampoo for all hair types', 600.00, 500, 7, 7),
('Sofa Set', 'Modern design sofa set for living room', 50000.00, 20, 8, 8);
INSERT INTO `Order` (customer_id, order_date, total_amount, status) VALUES
(1, '2025-01-01', 51000.00, 'Pending'),
(2, '2025-01-02', 3000.00, 'Shipped'),
(3, '2025-01-03', 25000.00, 'Delivered'),
(4, '2025-01-04', 1000.00, 'Cancelled'),
(5, '2025-01-05', 1500.00, 'Pending');
INSERT INTO Order_Item (order_id, product_id, quantity, price) VALUES
(1, 1, 1, 50000.00),
(2, 2, 2, 1500.00),
(3, 3, 1, 25000.00),
(4, 4, 1, 1000.00),
(5, 5, 1, 800.00);
INSERT INTO Payment (order_id, payment_method, payment_status, amount) VALUES
(1, 'Credit Card', 'Pending', 51000.00),
(2, 'Debit Card', 'Completed', 3000.00),
(3, 'PayPal', 'Completed', 25000.00),
(4, 'Cash on Delivery', 'Failed', 1000.00),
(5, 'Credit Card', 'Pending', 800.00);
INSERT INTO Inventory (product_id, quantity) VALUES
(1, 100),
(2, 200),
(3, 50),
(4, 150),
(5, 300),
(6, 200),
(7, 500),
(8, 20);
INSERT INTO Shipment (order_id, shipment_date, delivery_date, tracking_number, status) VALUES
(1, '2025-01-02', '2025-01-05', 'XYZ123', 'Shipped'),
(2, '2025-01-03', '2025-01-06', 'ABC456', 'In Transit'),
(3, '2025-01-04', '2025-01-07', 'DEF789', 'Delivered'),
(4, '2025-01-05', '2025-01-10', 'GHI012', 'Failed'),
(5, '2025-01-06', '2025-01-09', 'JKL345', 'Shipped');
INSERT INTO Review (product_id, customer_id, rating, review_text) VALUES
(1, 1, 5, 'Excellent product, highly recommend!'),
(2, 2, 4, 'Good quality, but sizes are a bit small.'),
(3, 3, 5, 'Great washing machine, worth the price.'),
(4, 4, 3, 'Football is good, but the leather quality could be better.'),
(5, 5, 4, 'Interesting book, but the ending was predictable.');
INSERT INTO User (username, password, role) VALUES
('admin1', 'admin123', 'Admin'),
('staff1', 'staff123', 'Staff'),
('staff2', 'staff456', 'Staff');
